{"cameraMode":{"drawMode":0,"name":"Shaded","section":"Shading Mode"},"sceneLighting":true,"audioPlay":false,"sceneViewState":{"m_AlwaysRefresh":false,"showFog":true,"showSkybox":true,"showFlares":true,"showImageEffects":true,"showParticleSystems":true,"showVisualEffectGraphs":true,"m_FxEnabled":false},"in2DMode":false,"pivot":{"x":7.400000095367432,"y":0.6873300075531006,"z":-2.0657711029052736},"rotation":{"x":0.3161628842353821,"y":-0.026561357080936433,"z":0.008861446753144265,"w":0.9483067393302918},"size":1.7538743019104005,"orthographic":false}